phrase_to_merge,standard_form
new york,new_york
hong kong,hong_kong
wall street,wall_street
street journal,wall_street_journal
wall street journal,wall_street_journal
vice president,vice_president
credit staff,credit_staff
interest rates,interest_rate
staff reporter,staff_reporter
soviet union,soviet_union
foreign exchange,foreign_exchange
west german,west_germany
mr. mondale,walter_mondale
president reagan,ronald_reagan
early trading,early_trading
u.s. interest,us_interest_rate
mr. reagan,ronald_reagan
los angeles,los_angeles
reagan administration,reagan_administration
sen. hart,gary_hart
first quarter,first_quarter
u.s. dollar,us_dollar
hong kong's,hong_kong
prime minister,prime_minister
south korea,south_korea
foreign currencies,foreign_currency
white house,white_house
long term,long_term
u.s. officials,us_official
joint venture,joint_venture
afternoon price,afternoon_price
settlement price,settlement_price
price fixings,price_fixing
commodity exchange,comex
home markets,home_markets
mr. rewald,mr_rewald
west germany,west_germany
dollar denominated,dollar_denominated
real estate,real_estate
central bank,central_bank
mr. jackson,jesse_jackson
denominated investments,denominated_investments
chief executive,chief_executive
trust co.,trust_company
nuclear power,nuclear_power
stock exchange,stock_exchange
san francisco,san_francisco
third world,third_world
japanese currency,japanese_yen
stock market,stock_market
britain 's,britain
mr. huang,mr_huang
mr. dominelli,mr_dominelli
short term,short_term
interest rate,interest_rate
mr. deng,deng_xiaoping
mr. chernenko,konstantin_chernenko
senior vice,senior_vice_president
staff reporters,staff_reporter
executive officer,chief_executive_officer
arms control,arms_control
el salvador,el_salvador
foreign currency,foreign_currency
money supply,money_supply
trade deficit,trade_deficit
joint ventures,joint_venture
foreign policy,foreign_policy
state owned,state_owned
broadcasting cos,broadcasting_companies
economic recovery,economic_recovery
net income,net_income
communist party,communist_party
japanese yen,japanese_yen
american broadcasting,american_broadcasting_companies
economic growth,economic_growth
mr. andropov,yuri_andropov
precious metals,precious_metals
saudi arabia,saudi_arabia
assistant vice,assistant_vice_president
former vice,former_vice_president
german marks,german_mark
national bank,national_bank
holding company,holding_company
high technology,high_technology
news conference,news_conference
oil prices,oil_price
news agency,news_agency
foreign debt,foreign_debt
natural gas,natural_gas
south africa,south_africa
british colony,british_colony
mr. zhao,zhao_ziyang
western europe,western_europe
u.s. currency,us_dollar
federal funds,federal_funds
democratic presidential,democratic_presidential_candidate
federal court,federal_court
dow jones,dow_jones
mr. mitterrand,francois_mitterrand
credit conditions,credit_conditions
mr. kott,mr_kott
american broadcasting cos.,american_broadcasting_companies
public service,public_service
south china,south_china
irving trust,irving_trust
bishop baldwin,bishop_baldwin
prime time,prime_time
yellow rain,yellow_rain
bond market,bond_market
central america,central_america
china sea,china_sea
persian gulf,persian_gulf
high interest,high_interest_rate
exchange traders,exchange_traders
budget deficit,budget_deficit
percentage point,percentage_point
human rights,human_rights
contracts covering,contracts_covering
crude oil,crude_oil
german mark,german_mark
irving trust co.,irving_trust
foreign investment,foreign_investment
mr. seaga,edward_seaga
presidential election,presidential_election
premier zhao,zhao_ziyang
british pound,british_pound
walter mondale,walter_mondale
executive vice,executive_vice_president
east germany,east_germany
metric tons,metric_tons
devoe holbein,devoe_holbein
new hampshire,new_hampshire
grand gulf,grand_gulf
strong dollar,strong_dollar
mr. nixon,richard_nixon
southeast asia,southeast_asia
foreign companies,foreign_companies
german central,german_central_bank
carter hawley,carter_hawley
attorney general,attorney_general
middle east,middle_east
zhao ziyang,zhao_ziyang
soviet leader,soviet_leader
mr. feldstein,martin_feldstein
mr. mueller,mr_mueller
changing hands,changing_hands
general manager,general_manager
world war,world_war
ronald reagan,ronald_reagan
mr. manley,michael_manley
nuclear weapons,nuclear_weapons
york stock,new_york_stock_exchange
retail sales,retail_sales
prudential bache,prudential_bache
new jersey,new_jersey
high tech,high_technology
mr. nakasone,yasuhiro_nakasone
air traffic,air_traffic
justice department,justice_department
houston oil,houston_oil
foreign banks,foreign_banks
olympic committee,olympic_committee
funds rate,federal_funds_rate
cable wireless,cable_and_wireless
cruise missiles,cruise_missile
take over,takeover
gary hart,gary_hart
nuclear plant,nuclear_plant
international monetary,international_monetary_fund
higher interest,high_interest_rate
air defense,air_defense
commercial banks,commercial_banks
belgium standard,belgium_standard
foreign trade,foreign_trade
insider trading,insider_trading
mr. reed,john_reed
mr. zacharski,marian_zacharski
party leader,party_leader
mr. oldenburg,claes_oldenburg
treasury secretary,treasury_secretary
power plant,power_plant
international trade,international_trade
mr. hurley,mr_hurley
reserve board,federal_reserve_board
hard currency,hard_currency
mr. gorbachev,mikhail_gorbachev
east german,east_germany
foreign minister,foreign_minister
pleaded guilty,pleaded_guilty
bond prices,bond_price
state department,state_department
first vice,first_vice_president
fiscal year,fiscal_year
carrian group,carrian_group
world war ii,world_war_ii
lower interest,lower_interest_rate
defense minister,defense_minister
federal government,federal_government
safe haven,safe_haven
developing countries,developing_countries
s.p a.,spa
financial services,financial_services
second quarter,second_quarter
public relations,public_relations
war ii,world_war_ii
private sector,private_sector
capital markets,capital_markets
south china sea,south_china_sea
metals analyst,metals_analyst
far east,far_east
monetary fund,international_monetary_fund
yuri andropov,yuri_andropov
foreign affairs,foreign_affairs
general electric,general_electric
economic indicators,economic_indicators
finance minister,finance_minister
pick up,pick_up
south korean,south_korea
mr. mak,mr_mak
futures trading,futures_trading
york city,new_york_city
soviet leadership,soviet_leadership
united states,united_states
weird al,weird_al_yankovic
west germany's,west_germany
abc news,abc_news
raw materials,raw_materials
soviet bloc,soviet_bloc
mr. goldfarb,mr_goldfarb
italy 's,italy
social security,social_security
grand jury,grand_jury
life insurance,life_insurance
exchange commission,securities_and_exchange_commission
abc tv,abc_news
jesse jackson,jesse_jackson
trade surplus,trade_surplus
mr. reilly,mr_reilly
gen. buhari,muhammadu_buhari
at stake,at_stake
tax increases,tax_increase
assistant secretary,assistant_secretary
stronger dollar,strong_dollar
take advantage,take_advantage
national security,national_security
sir iain,sir_iain_sutherland
common shares,common_shares
oil companies,oil_companies
oil minerals,oil_and_minerals
managing director,managing_director
monetary policy,monetary_policy
two thirds,two_thirds
bache securities,bache_securities
hedge against,hedge_against_inflation
prime rate,prime_rate
chief economist,chief_economist
defense spending,defense_spending
chemical weapons,chemical_weapons
deficit reduction,deficit_reduction
against inflation,hedge_against_inflation
net loss,net_loss
tax benefits,tax_benefits
tax bill,tax_bill
press agency,press_agency
trade commission,trade_commission
foreign investors,foreign_investors
drug administration,food_and_drug_administration
budget deficits,budget_deficit
soviet military,soviet_military
spending cuts,spending_cuts
international monetary fund,international_monetary_fund
new york stock exchange,new_york_stock_exchange
take effect,take_effect
first half,first_half
supply measure,money_supply_measure
col qadhafi,muammar_gaddafi
special economic,special_economic_zone
interest payments,interest_payments
hongkong shanghai,hsbc
mr. siles,hernan_siles_zuazo
armed forces,armed_forces
new york's,new_york
law firm,law_firm
current month,current_month
took over,takeover
blood bank,blood_bank
exchange trading,exchange_trading
pork bellies,pork_bellies
closely held,closely_held
iran iraq,iran_iraq_war
guillot lara,rodrigo_borja_cevalles
shares outstanding,shares_outstanding
cable & wireless,cable_and_wireless
world bank,world_bank
national product,gross_national_product
multi vest,multi_vest
kong telephone,hong_kong_telephone
martial law,martial_law
central banks,central_bank
mr. haig,alexander_haig
gross national,gross_national_product
silicon valley,silicon_valley
annual report,annual_report
work out,work_out
hard line,hard_line
light trading,light_trading
tender offer,tender_offer
socialist government,socialist_government
quarter net,quarterly_net_income
banking system,banking_system
government owned,state_owned
financial markets,financial_markets
official news,official_news_agency
regulatory commission,regulatory_commission
salomon brothers,salomon_brothers
bank of boston,bank_of_boston
banks lend,banks_lend
price increases,price_increase
mr. testa,mr_testa
down payment,down_payment
supreme court,supreme_court
paine webber,paine_webber
illegal aliens,illegal_immigrant
commerce department,commerce_department
military aid,military_aid
picked up,pick_up
composite trading,composite_trading
taipei taiwan,taipei
inflation rate,inflation_rate
supply side,supply_side_economics
mr. palladin,mr_palladin
broadcasting co.,broadcasting_company
u.s. attorney,us_attorney
pre tax,pre_tax
timothy f. hurley,timothy_f_hurley
latin america,latin_america
major currencies,major_currencies
tighten credit,tighten_credit
timothy f.,timothy_f_hurley
ms. goldberg,ms_goldberg
new york city,new_york_city
f. hurley,timothy_f_hurley
mr. stevenson,mr_stevenson
mr. ragab,mr_ragab
star wars,strategic_defense_initiative
industrial average,dow_jones_industrial_average
front runner,front_runner
income tax,income_tax
oil price,oil_price
free market,free_market
mr. regan,donald_regan
york times,new_york_times
democratic party,democratic_party
mama malone,mama_malone
state run,state_run
mr. guillot,rodrigo_borja_cevalles
work force,workforce
orange juice,orange_juice
motor co.,motor_company
chicken pox,chicken_pox
hurley said,timothy_f_hurley
central committee,central_committee
mr. bounds,mr_bounds
government securities,government_securities
mr. cicconi,mr_cicconi
banking corp.,banking_corporation
mr. devoe,mr_devoe
peat marwick,peat_marwick
warsaw pact,warsaw_pact
cut off,cut_off
dalai lama,dalai_lama
business executives,business_executives
new orleans,new_orleans
latin american,latin_american
south african,south_african
floating rate,floating_rate
british caledonian,british_caledonian
administration official,administration_official
soviet leaders,soviet_leader
nuclear arms,nuclear_weapons
right wing,right_wing
economic policy,economic_policy
foreign bankers,foreign_bankers
two sides,two_sides
soares kemp,soares_kemp
sir james,sir_james_goldsmith
financial institutions,financial_institutions
accounting firm,accounting_firm
presidential campaign,presidential_campaign
gold price,gold_price
finance committee,finance_committee
federal reserve board,federal_reserve_board
national broadcasting,national_broadcasting_company
coca cola,coca_cola
price index,price_index
hepatitis b,hepatitis_b
federal budget,federal_budget
third quarter,third_quarter
into account,take_into_account
insurance companies,insurance_companies
annuity holders,annuity_holders
federal judge,federal_judge
san diego,san_diego
shanghai banking,hsbc
international banks,international_banks
editorial page,editorial_page
mr. smith,mr_smith
acli international,acli_international
department official,department_official
personal computer,personal_computer
donald duck,donald_duck
industrial production,industrial_production
anti soviet,anti_soviet
standard poor,standard_and_poors
worked out,work_out
south korea's,south_korea
nuclear regulatory,nuclear_regulatory_commission
mr. papandreou,andreas_papandreou
tax free,tax_free
metalworkers strike,metalworkers_strike
mr. marcos,ferdinand_marcos
television sets,television_sets
eastern europe,eastern_europe
middle south,middle_south
east european,eastern_europe
intelligence agency,intelligence_agency
phibro salomon,phibro_salomon
industrial development,industrial_development
international business,international_business
other currencies,major_currencies
weaker dollar,weaker_dollar
personal computers,personal_computer
high school,high_school
bad news,bad_news
anti plaque,anti_plaque
auto workers,auto_workers
heating oil,heating_oil
hanover trust,hanover_trust
soviet union's,soviet_union
economic policies,economic_policy
soft drinks,soft_drinks
electronic chemicals,electronic_chemicals
air force,air_force
ethylene dibromide,ethylene_dibromide
sen. glenn,john_glenn
mr. eiszner,mr_eiszner
mr. ogata,mr_ogata
summer olympics,summer_olympics
television networks,television_networks
dean witter,dean_witter
mao 's,mao_zedong
deng xiaoping,deng_xiaoping
manufacturers hanover trust co.,hanover_trust
steel industry,steel_industry
start up,startup
diplomatic relations,diplomatic_relations
bumiputra finance,bumiputra_finance
money managers,money_managers
jones industrial,dow_jones_industrial_average
full time,full_time
japanese banks,japanese_banks
rate increase,rate_increase
rate futures,rate_futures
german metalworkers,german_metalworkers
j. david,j_david_dominelli
banking sources,banking_sources
prudential-bache securities inc.,prudential_bache
profit taking,profit_taking
motion picture,motion_picture
chinese premier,chinese_premier
french government,french_government
kharg island,kharg_island
nuclear plants,nuclear_plant
richard nixon,richard_nixon
food irradiation,food_irradiation
moody 's,moodys
union bank,union_bank
commodity markets,commodity_markets
merrill lynch,merrill_lynch
mr. brezhnev,leonid_brezhnev
mr. anastasi,mr_anastasi
mr. berlinguer,enrico_berlinguer
mr. clark,mr_clark
mr. brown,mr_brown
motors corp.,general_motors
mr. duck,donald_duck
mr. chiang,chiang_ching_kuo
mr. engen,mr_engen
z holiday,z_holiday
mr. nader,ralph_nader
national broadcasting co.,national_broadcasting_company
matheson co.,matheson_co
annual rate,annual_rate
operating profit,operating_profit
offshore oil,offshore_oil
nuclear industry,nuclear_industry
nuclear cooperation,nuclear_cooperation
north korea,north_korea
lebanese army,lebanese_army
afl cio,afl_cio
long run,long_run
mrs. tuchman,mrs_tuchman
mrs. blumkin,mrs_blumkin
chinese leader,chinese_leader
public sector,public_sector
evening news,evening_news
soft drink,soft_drink
mory ogata,mr_ogata
european currencies,european_currencies
u.s. retail,us_retail_sales
exchange dealer,exchange_dealer
executive director,executive_director
senior metals,senior_metals_analyst
senate finance,senate_finance_committee
securities firms,securities_firms
sears roebuck,sears_roebuck
ruling party,ruling_party
vice chairman,vice_chairman
futures contracts,futures_contract
gap between,gap
pulled out,pulled_out
great wall,great_wall
bank holding,bank_holding_company
economic zone,special_economic_zone
economic development,economic_development
civil rights,civil_rights
cbs inc.,cbs
food and drug administration,food_and_drug_administration
carrian investments,carrian_investments
tax rate,tax_rate
cpc international,cpc_international
cpc international inc.,cpc_international
take place,take_place
cut back,cutback
david brinkley,david_brinkley
stock prices,stock_price
stock markets,stock_market
defense system,defense_system
east west,east_west
ernst whinney,ernst_and_whinney
arms race,arms_race
presidential candidate,presidential_candidate
howard levine,howard_levine
penn square,penn_square_bank
sharp decline,sharp_decline
shearson american,shearson_american_express
near term,short_term
near future,near_future
industrial output,industrial_output
ease credit,ease_credit
british air,british_airways
british petroleum,british_petroleum
european american,european_american_bank
elaine clifford,elaine_clifford
hold down,hold_down
national association,national_association
london stock,london_stock_exchange
small cars,small_cars
party members,party_members
nuclear missiles,nuclear_missile
united breweries,united_breweries
biological weapons,biological_weapons
insurance co.,insurance_company
under pressure,under_pressure
secretary regan,donald_regan
last minute,last_minute
senate bill,senate_bill
u.s.-soviet relations,us_soviet_relations
high risk,high_risk
higher prices,higher_prices
exchange markets,exchange_markets
exchange manager,exchange_manager
inflation adjusted,inflation_adjusted
discount corp.,discount_corp_of_new_york
du pont,du_pont
commodity services,commodity_services
consulting firm,consulting_firm
securities and exchange commission,securities_and_exchange_commission
mr. bu,mr_bu
united kingdom,united_kingdom
mr. brinkley,david_brinkley
central american,central_american
mr. au,mr_au
agriculture department,agriculture_department
chairman paul,paul_volcker
clifford an,elaine_clifford
houston oil & minerals,houston_oil_and_minerals
territory expires,territory_expires
budget committee,budget_committee
discount corp. of new york,discount_corp_of_new_york
mr. tan,mr_tan
stepped up,stepped_up
hongkong & shanghai banking corp.,hsbc
mccormack dodge,mccormack_and_dodge
merchant banking,merchant_banking
mr. mckee,mr_mckee
pay levels,pay_levels
middle class,middle_class
midland bank,midland_bank
konstantin chernenko,konstantin_chernenko
james t.,james_t_bere
bank of america,bank_of_america
iraq war,iran_iraq_war
nuclear war,nuclear_war
rev. jesse,jesse_jackson
growth rate,growth_rate
profit margins,profit_margins
washington post,washington_post
francois mitterrand,francois_mitterrand
put pressure,put_pressure
president marcos,ferdinand_marcos
jamaica 's,jamaica
general electric co.,general_electric
general motors,general_motors
royal dutch,royal_dutch_shell
organizing committee,organizing_committee
international commodity,international_commodity_organization
bank bumiputra,bank_bumiputra
presidential nomination,presidential_nomination
stocks volume,stock_volume
hong kong telephone,hong_kong_telephone
defense secretary,defense_secretary
three networks,three_networks
defense budget,defense_budget
commercial bank,commercial_bank
hongkong land,hongkong_land
marsh mclennan,marsh_and_mclennan
summer games,summer_olympics
pan american,pan_american_world_airways
superpower relations,superpower_relations
syrian backed,syrian_backed
cubic feet,cubic_feet
genetic engineering,genetic_engineering
speed skating,speed_skating
spot index,spot_index
maj gen.,major_general
toxic waste,toxic_waste
business machines,international_business_machines
rapeseed oil,rapeseed_oil
hewlett packard,hewlett_packard
majority leader,majority_leader
state controlled,state_controlled
mr. yannikios,mr_yannikios
step toward,step_toward
health care,health_care
chief corporate,chief_corporate_officer
merchant bank,merchant_bank
parent company,parent_company
task force,task_force
mr. deaver,michael_deaver
castro 's,fidel_castro
organized labor,organized_labor
investment bankers,investment_bankers
commerce secretary,commerce_secretary
communications commission,federal_communications_commission
asian countries,asian_countries
commodity prices,commodity_price
commodities dow,dow_jones_commodities_index
cash flow,cash_flow
organized crime,organized_crime
creditor banks,creditor_banks
tax cuts,tax_cuts
capt hsu,capt_hsu
penalty duties,penalty_duties
parliamentary elections,parliamentary_elections
television coverage,television_coverage
common market,common_market
paul volcker,paul_volcker
lynch co.,merrill_lynch
annual meeting,annual_meeting
western diplomats,western_diplomats
opposition leaders,opposition_leader
bank of china,bank_of_china
mr. holmes,mr_holmes
figure skating,figure_skating
policy makers,policymakers
express inc.,american_express
left wing,left_wing
sen. gary,gary_hart
share prices,share_price
under control,under_control
fixed income,fixed_income
london interbank,london_interbank_offered_rate
president gemayel,amin_gemayel
jones futures,dow_jones_futures
u.s.-china trade,us_china_trade
reserve system,federal_reserve_system
law enforcement,law_enforcement
jones industrials,dow_jones_industrial_average
black market,black_market
environmental protection,environmental_protection_agency
futures index,futures_index
basic money,money_supply
treasury bonds,treasury_bonds
austerity program,austerity_program
southeast asian,southeast_asian
financial system,financial_system
president suharto,suharto
acli international commodity services inc.,acli_international
soybean oil,soybean_oil
kuala lumpur,kuala_lumpur
vest securities,vest_securities
apple computer,apple_computer
bette raptopoulos,bette_raptopoulos
british petroleum co.,british_petroleum
north carolina,north_carolina
news shows,news_shows
federal communications,federal_communications_commission
second half,second_half
occidental petroleum,occidental_petroleum
north sea,north_sea
nuclear regulatory commission,nuclear_regulatory_commission
federal reserve system,federal_reserve_system
new york times,new_york_times
federal communications commission,federal_communications_commission
petroleum co.,petroleum_company
president ferdinand,ferdinand_marcos
u.s. trust,us_trust
safety levels,safety_levels
three quarters,three_quarters
rising interest,rising_interest_rates
north korean,north_korea
population control,population_control
"sears, roebuck & co.",sears_roebuck
secretary general,secretary_general
secretary malcolm,malcolm_baldrige
venture capital,venture_capital
securities analysts,securities_analysts
mr. frank,mr_frank
mr. bobolas,mr_bobolas
producer price,producer_price_index
sen. john,john_glenn
tax increase,tax_increase
mr. gemayel,amin_gemayel
protection agency,environmental_protection_agency
oil exploration,oil_exploration
per share,per_share
quarter loss,quarterly_loss
stock index,stock_index
mr. scanlon,mr_scanlon
took place,take_place
red tape,red_tape
mr. speakes,larry_speakes
steel corp.,us_steel
took profits,took_profits
state savings,state_savings_bank
treasury bills,treasury_bill
traffic controllers,air_traffic_controllers
st. louis,st_louis
spare parts,spare_parts
traffic control,air_traffic_control
per capita,per_capita
u.s. embassy,us_embassy
television stations,television_stations
public policy,public_policy
share price,share_price
president francois,francois_mitterrand
mr. hu,hu_yaobang
washington d.c.,washington_dc
net worth,net_worth
tax profit,pre_tax_profit
opposition leader,opposition_leader
mr. miller,mr_miller
write off,write_off
swiss franc,swiss_franc
quarter earnings,quarterly_earnings
wage increases,wage_increase
colorado sen.,gary_hart
corporate trader,corporate_trader
market value,market_value
mccormack & dodge,mccormack_and_dodge
committee chairman,committee_chairman
free trade,free_trade
mercantile exchange,mercantile_exchange
merchandise trade,merchandise_trade
merrill lynch & co.,merrill_lynch
clean up,clean_up
full power,full_power
civil war,civil_war
electric corp.,general_electric
central intelligence,central_intelligence_agency
carter administration,carter_administration
capital spending,capital_spending
cost cutting,cost_cutting
first national bank of chicago,first_national_bank_of_chicago
khmer rouge,khmer_rouge
low power,low_power
duty free,duty_free
domestic market,domestic_market
exchange reserves,foreign_exchange_reserves
discount rate,discount_rate
export trading,export_trading
death squads,death_squads
federal bankruptcy,federal_bankruptcy_court
ferdinand marcos,ferdinand_marcos
financial futures,financial_futures
customs agents,customs_agents
malcolm baldrige,malcolm_baldrige
currency futures,currency_futures
first bank,first_bank
cross country,cross_country
credit lyonnais,credit_lyonnais
chinese leaders,chinese_leader
edwin meese,edwin_meese
jean louis,jean_louis_gassée
job security,job_security
american depositary,american_depositary_receipts
american express,american_express
bank board,bank_board
auto maker,automaker
hu yaobang,hu_yaobang
insurance corp.,insurance_corporation
las vegas,las_vegas
active trading,active_trading
european american bank,european_american_bank
rowe pitman,rowe_and_pitman
operating officer,chief_operating_officer
rowe & pitman,rowe_and_pitman
european community,european_economic_community
opposition parties,opposition_parties
offered rate,london_interbank_offered_rate
first commerce,first_commerce_corp
financial sources,financial_sources
englewood cliffs,englewood_cliffs
roman catholic,roman_catholic_church
sin king,sin_king
roebuck co.,sears_roebuck
robert k. ryan,robert_k_ryan
k. ryan,robert_k_ryan
john glenn,john_glenn
exxon corp.,exxon
securities firm,securities_firm
ogata said,mr_ogata
olympic games,olympic_games
robert k.,robert_k_ryan
olympic officials,olympic_officials
james t. mcgroarty,james_t_mcgroarty
said timothy,timothy_f_hurley
finance ministry,finance_ministry
senate committee,senate_committee
open market,open_market
industrial policy,industrial_policy
real return,real_return
rapid growth,rapid_growth
georges marchais,georges_marchais
pull out,pull_out
president walter,walter_mondale
gold analyst,gold_analyst
goldman sachs,goldman_sachs
public opinion,public_opinion
public offering,initial_public_offering
prof. meselson,matthew_meselson
product liability,product_liability
growth rates,growth_rate
gulf states,gulf_states
private companies,private_companies
prince sihanouk,norodom_sihanouk
price decline,price_decline
price cuts,price_cuts
general counsel,general_counsel
president carter,jimmy_carter
industrial countries,industrial_countries
gas electric,gas_and_electric
food industry,food_industry
pan am,pan_american_world_airways
former chairman,former_chairman
francoise soares,francoise_soares_kemp
francoise soares-kemp,francoise_soares_kemp
peacekeeping force,peacekeeping_force
fred katzman,fred_katzman
house spokesman,white_house_spokesman
house senate,house_senate_conference_committee
house budget,house_budget_committee
hourly pay,hourly_pay
fringe benefits,fringe_benefits
petroleum corp.,petroleum_corporation
reynolds tobacco,rj_reynolds_tobacco
morning news,morning_news
economic summit,economic_summit
bond issue,bond_issue
waste management,waste_management
banking group,banking_group
bankruptcy court,federal_bankruptcy_court
warner lambert,warner_lambert
bee feces,bee_feces
united nations,united_nations
bloc countries,soviet_bloc
boeing co.,boeing
u.s. ambassador,us_ambassador
tokyo stock,tokyo_stock_exchange
bonds issued,bonds_issued
broadcast group,broadcast_group
treasury department,treasury_department
brokerage firm,brokerage_firm
brothers inc.,salomon_brothers
trading volume,trading_volume
budget authority,budget_authority
capital gains,capital_gains
bank of montreal,bank_of_montreal
wells fargo,wells_fargo
abc management,abc_news
abc poll,abc_poll
air lines,airlines
xinhua press,xinhua_news_agency
alpine skiing,alpine_skiing
world airways,pan_american_world_airways
witter reynolds,dean_witter_reynolds
angeles committee,los_angeles_olympic_organizing_committee
appeals court,appeals_court
apple ii,apple_ii
wet milling,wet_milling
western diplomat,western_diplomat
assistant chief,assistant_chief
capitol hill,capitol_hill
cedar rapids,cedar_rapids
east germans,east_germans
stereo tv,stereo_tv
cuban government,cuban_government
t. mcgroarty,james_t_mcgroarty
current law,current_law
super tuesday,super_tuesday
summit meeting,summit_meeting
data access,data_access
suit filed,suit_filed
depositary receipts,american_depositary_receipts
state university,state_university
state regulators,state_regulators
standard oil,standard_oil
special interest,special_interest
drexel burnham,drexel_burnham_lambert
dutch shell,royal_dutch_shell
south dakota,south_dakota
south africa's,south_africa
tass said,tass_news_agency
tax liability,tax_liability
chase manhattan,chase_manhattan_bank
chicago mercantile,chicago_mercantile_exchange
chief operating,chief_operating_officer
chinese authorities,chinese_authorities
chinese press,chinese_press
claimed responsibility,claimed_responsibility
cliffs n.j.,englewood_cliffs_nj
coal miners,coal_miners
communist countries,communist_countries
strait of hormuz,strait_of_hormuz
london stock exchange,london_stock_exchange
corporate tax,corporate_tax
tax shelters,tax_shelter
tax shelter,tax_shelter
kaiser cement,kaiser_cement
marxist leninist,marxist_leninist
mr. ueberroth,peter_ueberroth
lowest level,lowest_level
new guinea,new_guinea
mr. lear,norman_lear
new generation,new_generation
mutual funds,mutual_fund
new england,new_england
miss mckenna,miss_mckenna
mr. sun,mr_sun
medical school,medical_school
meat cattle,meat_and_cattle
mr. bieber,owen_bieber
money center,money_center_bank
mcdonnell douglas,mcdonnell_douglas
laid off,laid_off
mr. jalil,mr_jalil
long awaited,long_awaited
multi-vest securities,multi_vest_securities
mr. ferreira,mr_ferreira
long range,long_range
longer term,long_term
ms. ember,ms_ember
military spending,military_spending
mr. hakanson,mr_hakanson
non communist,non_communist
non oil,non_oil
north america,north_america
north american,north_american
mr. chao,mr_chao
nbc tv,nbc
mr. rostenkowski,dan_rostenkowski
mr. roland,mr_roland
leveraged buyout,leveraged_buyout
morgan stanley,morgan_stanley
morgan guaranty,morgan_guaranty_trust
korean officials,korean_officials
sen. baker,howard_baker
mr. hassenfeld,mr_hassenfeld
sen. dole,bob_dole
lebanese government,lebanese_government
mr. hakim,mr_hakim
grain products,grain_products
brokerage houses,brokerage_house
transportation department,transportation_department
extraordinary charge,extraordinary_charge
brokerage house,brokerage_house
gold medal,gold_medal
bumiputra malaysia,bank_bumiputra
long distance,long_distance
lined up,lined_up
suisse first,credit_suisse_first_boston
cable television,cable_television
byron unit,byron_nuclear_generating_station
term debt,term_debt
total debt,total_debt
living standards,living_standards
security pacific,security_pacific_bank
purchase price,purchase_price
punjab state,punjab
burnham lambert,drexel_burnham_lambert
food products,food_products
new zealand,new_zealand
mile island,three_mile_island
country skiing,cross_country_skiing
local governments,local_governments
step up,step_up
safe deposit,safe_deposit_box
military officers,military_officers
blood pressure,blood_pressure
black decker,black_and_decker
safe harbor,safe_harbor
deposit insurance,federal_deposit_insurance_corporation
export oriented,export_oriented
senior administration,senior_administration_official
mr. ruckelshaus,william_ruckelshaus
quarter profit,quarterly_profit
lay off,layoff
pro taiwan,pro_taiwan
tv sets,television_sets
late night,late_night
mr. gromyko,andrei_gromyko
said mory,mr_ogata
stock exchanges,stock_exchange
brokerage concern,brokerage_firm
mr. jacobs,mr_jacobs
coast guard,coast_guard
net profit,net_profit
french franc,french_franc
federal grand,federal_grand_jury
federal deposit,federal_deposit_insurance_corporation
west coast,west_coast
federal bureau,federal_bureau_of_investigation
crime commission,crime_commission
front page,front_page
mr. strauss,mr_strauss
network executives,network_executives
tax exempt,tax_exempt
computer inc.,apple_computer
marsh & mclennan,marsh_and_mclennan
foreign ministry,foreign_ministry
forest products,forest_products
federal spending,federal_spending
constitutional amendment,constitutional_amendment
nebraska furniture,nebraska_furniture_mart
federal savings,federal_savings_and_loan
salvatore testa,salvatore_testa
current fiscal,current_fiscal_year
consolidated net,consolidated_net_income
rca corp.,rca
metric ton,metric_ton
curtis inc.,jackson_curtis_inc
second term,second_term
chiang ching,chiang_ching
rate note,floating_rate_note
communist party's,communist_party
changed hands,changed_hands
salomon brothers inc.,salomon_brothers
cooperation agreement,cooperation_agreement
general strike,general_strike
copper prices,copper_price
range missiles,range_missile
cash prices,cash_price
mr. manella,mr_manella
military rule,military_rule
civil servants,civil_servants
coal mine,coal_mine
fast food,fast_food
market conditions,market_conditions
seasonally adjusted,seasonally_adjusted
clark copy,clark_copy_international
mr. tong,mr_tong
ching kuo,chiang_ching_kuo
three mile,three_mile_island
christian democrats,christian_democrats
chris craft,chris_craft_industries
mrs. soares,francoise_soares_kemp
getty oil,getty_oil
heavy industries,heavy_industries
anti nuclear,anti_nuclear
anti abortion,anti_abortion
sino u.s.,sino_us_relations
winter olympics,winter_olympics
east bloc,soviet_bloc
wiped out,wiped_out
eastern bloc,soviet_bloc
international bond,international_bond_market
interstate banking,interstate_banking
mondale campaign,mondale_campaign
atlantic richfield,atlantic_richfield
papua new guinea,papua_new_guinea
durable goods,durable_goods
multimillion dollar,multimillion_dollar
shot down,shot_down
west european,western_european
arms talks,arms_talks
heavy industry,heavy_industry
owned companies,state_owned_companies
mr. chang,mr_chang
palm oil,palm_oil
westinghouse electric,westinghouse_electric
mr. catacosinos,mr_catacosinos
mr. baldrige,malcolm_baldrige
working class,working_class
agency tass,tass_news_agency
oil exports,oil_exports
john paul,pope_john_paul_ii
yen denominated,yen_denominated
oil city,oil_city
kong residents,hong_kong_residents
slowing down,slowing_down
economic zones,special_economic_zone
election campaign,election_campaign
office manager,office_manager
el salvador's,el_salvador
occidental petroleum corp.,occidental_petroleum
oil tankers,oil_tankers
old guard,old_guard
nuclear fuel,nuclear_fuel
economic advisers,economic_advisers
economic assistance,economic_assistance
american home,american_home_products
jackson curtis,jackson_curtis_inc
mr. allen,mr_allen
sir michael,michael_edwardes
"jardine, matheson & co.",jardine_matheson
party secretary,party_secretary
papua new,papua_new_guinea
dropped out,dropped_out
machines corp.,international_business_machines
beverly hills,beverly_hills
phone mate,phone_mate
phone calls,phone_calls
standard oil co.,standard_oil
phase out,phase_out
mr. dindorf,mr_dindorf
bankruptcy law,bankruptcy_law
ms. smith,ms_smith
pre trial,pre_trial
holding companies,holding_companies
henry kissinger,henry_kissinger
development bonds,development_bonds
picking up,pick_up
mr. dugger,mr_dugger
politburo members,politburo_member
highest level,highest_level
digital equipment,digital_equipment_corp
low cost,low_cost
direct elections,direct_elections
vietnam war,vietnam_war
beach calif.,california
peter rogers,peter_rogers
diablo canyon,diablo_canyon_power_plant
houston ballet,houston_ballet
webber jackson,paine_webber
union members,union_members
north atlantic,north_atlantic_treaty_organization
paul ii,pope_john_paul_ii
bad weather,bad_weather
hot dog,hot_dog
soybean futures,soybean_futures
excise tax,excise_tax
president assad,hafez_al_assad
peace plan,peace_plan
henry kaufman,henry_kaufman
short positions,short_positions
preferred stock,preferred_stock
average yield,average_yield
austerity measures,austerity_measures
shore up,shore_up
nomura securities,nomura_securities
united auto,united_auto_workers
economic performance,economic_performance
telephone co.,telephone_company
economist henry,henry_kaufman
court ruling,court_ruling
marine midland bank,marine_midland_bank
state shultz,george_shultz
department store,department_store
teen agers,teenagers
technology smuggling,technology_smuggling
taxable income,taxable_income
court ordered,court_ordered
credit suisse,credit_suisse
democratic nomination,democratic_nomination
tax changes,tax_changes
mr. toups,mr_toups
mr. twigg,mr_twigg
mr. walker,mr_walker
mx missile,mx_missile
east berlin,east_berlin
mr. witmer,mr_witmer
south carolina,south_carolina
swire pacific,swire_pacific
malaysia finance,bank_bumiputra
syndicated loans,syndicated_loan
sri lanka,sri_lanka
district court,district_court
manella said,mr_manella
takeover bid,takeover_bid
mahathir mohamad,mahathir_mohamad
creusot loire,creusot_loire
customs officials,customs_officials
tax breaks,tax_breaks
deak perera,deak_perera
decision making,decision_making
telegraph co.,american_telephone_and_telegraph
st. paul,st_paul
telephone telegraph,american_telephone_and_telegraph
walt disney,walt_disney
banking arm,banking_arm
bankers trust,bankers_trust
mr. crump,mr_crump
bankamerica international,bank_of_america
bank accounts,bank_accounts
at paine,paine_webber
baldwin united,baldwin_united
aviation administration,federal_aviation_administration
auto makers,automakers
ministry official,ministry_official
atlantic richfield co.,atlantic_richfield
video enterprises,abc_video_enterprises
vice presidents,vice_president
belgium standard's,belgium_standard
benigno aquino,benigno_aquino
big board,new_york_stock_exchange
billy graham,billy_graham
mr. fisher,mr_fisher
u.s. marines,us_marines
board chairman,chairman_of_the_board
minor memos,minor_memos
assistant general,assistant_general_manager
cotton prices,cotton_price
ad hoc,ad_hoc
alan cranston,alan_cranston
aid package,aid_package
advanced technology,advanced_technology
asian wall,asian_wall_street_journal
accounting firms,accounting_firm
access charges,access_charges
accelerated depreciation,accelerated_depreciation
abc video,abc_video_enterprises
young turks,young_turks
american broadcasting cos,american_broadcasting_companies
american telephone,american_telephone_and_telegraph
withholding tax,withholding_tax
anchor hocking,anchor_hocking
andrei sakharov,andrei_sakharov
mondale aide,mondale_aide
missile defense,missile_defense
wheel drive,wheel_drive
mr. castells,mr_castells
west africa,west_africa
bottom line,bottom_line
brand name,brand_name
tokyo stock exchange,tokyo_stock_exchange
common sense,common_sense
medium range,medium_range_missile
break even,break_even
color television,color_television
mr. morris,mr_morris
closing price,closing_price
mr. morley,mr_morley
mr. meselson,matthew_meselson
computer software,computer_software
mr. ovchinnikov,mr_ovchinnikov
martin feldstein,martin_feldstein
organization of petroleum exporting countries,opec
national assembly,national_assembly
consumer banking,consumer_banking
consumer goods,consumer_goods
federal bureau of investigation,federal_bureau_of_investigation
control talks,arms_control_talks
common market's,common_market
textile imports,textile_imports
corporate profits,corporate_profits
class b,class_b_stock
mr. mcgroarty,james_t_mcgroarty
tv series,tv_series
turned down,turned_down
broadcast rights,broadcast_rights
broken hill,broken_hill_proprietary
treasury bill,treasury_bill
bruce pflaum,bruce_pflaum
mr. hamilton,mr_hamilton
trading floor,trading_floor
budget cuts,budget_cuts
trader speculation,trader_speculation
china daily,china_daily
bumiputra malaysia finance ltd.,bank_bumiputra
by moody,moodys
campaign trail,campaign_trail
capita income,per_capita_income
mr. hovde,mr_hovde
car sales,car_sales
carrian companies,carrian_group
catholic church,roman_catholic_church
mr. kindschi,mr_kindschi
chiang ching-kuo,chiang_ching_kuo
china cement,china_cement
social democratic,social_democratic_party
executive council,executive_council
pension funds,pension_fund
i ching,i_ching
lambert inc.,drexel_burnham_lambert
paul minn.,st_paul_minnesota
pay cuts,pay_cuts
house subcommittee,house_subcommittee
percentage points,percentage_point
ruled out,ruled_out
ruiz mateos,ruiz_mateos
large scale,large_scale
hill street,hill_street_blues
petroleum exporting,opec
national council,national_council
pflaum an,bruce_pflaum
rogers an,peter_rogers
planning research,planning_research_corp
saturday night,saturday_night
illinois national,illinois_national_bank
exporting countries,opec
sen. moynihan,daniel_patrick_moynihan
northern punjab,punjab
extreme left,extreme_left
faa chief,federal_aviation_administration
seed wars,seed_wars
security plan,security_plan
security adviser,national_security_adviser
secretary donald,donald_regan
independent stations,independent_stations
secretary clark,william_clark
secret police,secret_police
n.j. cpc,cpc_international
fargo bank,wells_fargo
palo alto,palo_alto
sea oil,north_sea_oil
import quotas,import_quotas
parking lot,parking_lot
plant viruses,plant_viruses
hill proprietary,broken_hill_proprietary
puerto rico,puerto_rico
leader yuri,yuri_andropov
grand marine,grand_marine_holdings
reduction plan,deficit_reduction_plan
government agencies,government_agencies
public health,public_health
gary dorsch,gary_dorsch
gasoline prices,gasoline_price
political concessions,political_concessions
general assembly,general_assembly
rating points,rating_points
legal system,legal_system
general election,general_election
general motors corp.,general_motors
george tan,george_tan
r.j. reynolds,rj_reynolds
leader georges,georges_marchais
privately owned,privately_owned
legislative council,legislative_council
lehman american,lehman_brothers
political prisoners,political_prisoners
rising prices,rising_prices
hersch manager,hersch_manager
power license,power_license
richfield co.,atlantic_richfield
revenue service,internal_revenue_service
foote cone,foote_cone_and_belding
ford motor,ford_motor_company
larry speakes,larry_speakes
hawley hale,carter_hawley_hale
press conference,press_conference
french industry,french_industry
private investors,private_investors
long island,long_island
radio station,radio_station
epa officials,environmental_protection_agency
note issue,note_issue
investors service,moodys_investors_service
nuclear energy,nuclear_energy
shearson lehman,shearson_lehman_brothers
lumpur malaysia,kuala_lumpur
jardine matheson,jardine_matheson
itt corp.,itt
electric power,electric_power
office space,office_space
oil rich,oil_rich
lower court,lower_court
shell group,royal_dutch_shell
sir adam,sir_adam_butler
jr. chairman,chairman
labor force,labor_force
ernst & whinney,ernst_and_whinney
shearson/american express,shearson_american_express
exchange composite,nyse_composite_index
jeff mondschein,jeff_mondschein
energy department,energy_department
short supply,short_supply
labor costs,labor_costs
internal revenue,internal_revenue_service
king hussein,king_hussein
offshore banking,offshore_banking
executive committee,executive_committee
side effects,side_effects
interbank market,interbank_market
setting up,set_up
john paul ii,pope_john_paul_ii
shell oil,shell_oil
small car,small_car
export import,export_import_bank
broad based,broad_based
harris upham,harris_upham
tv movies,tv_movies
bristol myers,bristol_myers
british air's,british_airways
tv viewers,tv_viewers
turning point,turning_point
hang seng,hang_seng_index
angeles times,los_angeles_times
harvard university,harvard_university
bishop baldwin's,bishop_baldwin
president shagari,shehu_shagari
advanced developing,newly_industrialized_countries
heart attack,heart_attack
u.s.-china relations,us_china_relations
presidential candidates,presidential_candidate
blue collar,blue_collar
presidential elections,presidential_election
last resort,last_resort
military coup,military_coup
bone marrow,bone_marrow
book value,book_value
administration aides,administration_aide
military buildup,military_buildup
abm treaty,anti_ballistic_missile_treaty
middle south's,middle_south_utilities
mr. hillman,mr_hillman
trade representative,trade_representative
trade balance,trade_balance
young turk,young_turks
pusateri manager,pusateri_manager
quaker state,quaker_state
hainan island,hainan_island
midas valley,midas_valley
kilowatt plant,kilowatt_plant
zero coupon,zero_coupon_bond
carrian investments ltd.,carrian_investments
carter hawley's,carter_hawley_hale
radar stations,radar_stations
cash position,cash_position
lebanese coast,lebanese_coast
a.k.a pablo,aka_pablo
acid rain,acid_rain
judge pence,judge_pence
gulf war,gulf_war
guaranty trust,morgan_guaranty_trust
guangdong province,guangdong_province
triple b,triple_b
broken hill proprietary co.,broken_hill_proprietary
treaty organization,north_atlantic_treaty_organization
advertising agency,advertising_agency
production capacity,production_capacity
official xinhua,xinhua_news_agency
grand gulf's,grand_gulf
proprietary co.,broken_hill_proprietary
protected witness,protected_witness
abc broadcast,abc_news
good faith,good_faith
public affairs,public_affairs
public confidence,public_confidence
heavy buying,heavy_buying
birth control,birth_control
wells fargo bank international,wells_fargo
imf austerity,imf_austerity_program
west germans,west_germans
asian borrowers,asian_borrowers
operating license,operating_license
west beirut,west_beirut
illegal immigrants,illegal_immigrants
asian nations,asian_nations
labor leaders,labor_leaders
mr. chin,mr_chin
advertising campaign,advertising_campaign
hunger strike,hunger_strike
hua tung,hua_tung
atlantic treaty,north_atlantic_treaty_organization
moody's investors service inc.,moodys
houston oil & minerals',houston_oil_and_minerals
noyer an,mr_noyer
housing starts,housing_starts
american motors,american_motors
b shares,class_b_shares
j. david & co.,j_david_dominelli
import relief,import_relief
pan american world airways,pan_american_world_airways
improper conduct,improper_conduct
lake city,salt_lake_city
interbank deposits,interbank_deposits
interbank offered,london_interbank_offered_rate
interior secretary,interior_secretary
insurance regulators,insurance_regulators
antiaircraft missiles,antiaircraft_missile
intermediate range,intermediate_range_missile
mr. bok,derek_bok
inside information,insider_information
outside auditors,outside_auditors
apple computer inc.,apple_computer
pacific gas,pacific_gas_and_electric
"paine, webber",paine_webber
western style,western_style
woodstock inc.,woodstock_inc
island lighting,long_island_lighting
b virus,hepatitis_b_virus
mr. abrams,mr_abrams
bear stearns,bear_stearns
oil terminal,oil_terminal
jimmy carter,jimmy_carter
political science,political_science
morgan guaranty trust co.,morgan_guaranty_trust
political stability,political_stability
pont co.,du_pont
bernard savaiko,bernard_savaiko
northwest airlines,northwest_airlines
pope john,pope_john_paul_ii
heritage foundation,heritage_foundation
la madrid,miguel_de_la_madrid
big chill,big_chill
oil exporter,oil_exporter
advisory panel,advisory_panel
unemployment rate,unemployment_rate
biotechnology companies,biotechnology_companies
plaque products,plaque_products
written off,written_off
mr. clarke,mr_clarke
writers guild,writers_guild
mr. comeau,mr_comeau
hollywood producers,hollywood_producers
mr. craxi,bettino_craxi
james w.,james_w_fuller
perera international,deak_perera
personal income,personal_income
alto calif.,palo_alto_california
pesticide ethylene,ethylene_dibromide
mr. dalfen,mr_dalfen
ministry of finance,finance_ministry
minister mahathir,mahathir_mohamad
alfred g. roth,alfred_g_roth
alfred g.,alfred_g_roth
barney harris,smith_barney_harris_upham
warner communications,warner_communications
war zone,war_zone
barry m.,barry_m_wainstein
barry m. wainstein,barry_m_wainstein
wound up,wound_up
basic industries,basic_industries
walked out,walked_out
edison co.,commonwealth_edison
mr. levy,mr_levy
local stations,local_stations
senate conferees,senate_conferees
credit suisse-,credit_suisse
mr. sliker,mr_sliker
target range,target_range
crew members,crew_members
saudi arabian,saudi_arabian
london brokerage,london_brokerage_firm
criminal charges,criminal_charges
taking place,take_place
fda approval,fda_approval
manufacturing plant,manufacturing_plant
fcc action,fcc_action
cultural revolution,cultural_revolution
favorable terms,favorable_terms
nancy reagan,nancy_reagan
current account,current_account
scaled back,scaled_back
farm exports,farm_exports
customs service,customs_service
daniel holland,daniel_holland
fairfield conn.,fairfield_connecticut
mr. walsh,mr_walsh
face value,face_value
mr. weddington,mr_weddington
sen. cranston,alan_cranston
strict liability,strict_liability
tax evasion,tax_evasion
crack down,crackdown
central intelligence agency,central_intelligence_agency
cooperation pact,cooperation_pact
robert m.,robert_m_grant
corporate failure,corporate_failure
first boston,credit_suisse_first_boston
test results,test_results
financial statements,financial_statements
rouse woodstock,rouse_woodstock
national convention,national_convention
mr. roberts,mr_roberts
royal dutch/shell group,royal_dutch_shell
counter trading,counter_trading
salt lake city,salt_lake_city
lloyds bank,lloyds_bank
fidel castro,fidel_castro
safety board,national_transportation_safety_board
cattle prices,cattle_price
teen age,teenager
taxi drivers,taxi_drivers
mr. ruhe,mr_ruhe
mr. ruiz,ruiz_mateos
mr. rutsch,mr_rutsch
tax raising,tax_increase
salt lake,salt_lake_city
street blues,hill_street_blues
default judgment,default_judgment
defense ministry,defense_ministry
dr. engleman,dr_engleman
soybeans soybean,soybeans
dr. hammer,armand_hammer
multibillion dollar,multibillion_dollar
soviet expert,soviet_expert
dual consciousness,dual_consciousness
soviet academy,soviet_academy_of_sciences
southern california,southern_california
south koreans,south_koreans
electronics show,electronics_show
east beirut,east_beirut
simpson mazzoli,simpson_mazzoli_act
electronics industry,electronics_industry
south america,south_america
sino british,sino_british_relations
sino japanese,sino_japanese_relations
sir geoffrey,geoffrey_howe
economic activity,economic_activity
electronic parts,electronic_parts
sir john,sir_john_bremridge
economic austerity,economic_austerity
electoral college,electoral_college
skilled workers,skilled_workers
smith barney,smith_barney
social democrats,social_democratic_party
n roll,rock_and_roll
editorial writer,editorial_writer
douglas corp.,mcdonnell_douglas
special interests,special_interest
double standard,double_standard
dining room,dining_room
mrs. dole,elizabeth_dole
mrs. fonseca,mrs_fonseca
set aside,set_aside
department stores,department_store
mrs. king,mrs_king
developing nations,developing_nations
state farms,state_farms
ethnic chinese,ethnic_chinese
donor countries,donor_countries
sharp criticism,sharp_criticism
standard & poor's corp.,standard_and_poors
stamford conn.,stamford_connecticut
stainless steel,stainless_steel
equity joint,equity_joint_venture
kansas city,kansas_city
machine tool,machine_tool
square miles,square_miles
m. wainstein,barry_m_wainstein
sports programming,sports_programming
donald regan,donald_regan
chicago mercantile exchange,chicago_mercantile_exchange
ken johnson,ken_johnson
commerce department's,commerce_department
senate finance committee,senate_finance_committee
red cross,red_cross
supreme soviet,supreme_soviet
free enterprise,free_enterprise
mr. orr,mr_orr
republican national,republican_national_committee
frank pusateri,frank_pusateri
research center,research_center
record levels,record_levels
recombinant dna,recombinant_dna
rio grande,rio_grande
mr. potter,mr_potter
recession free,recession_free
clean air,clean_air_act
metal detectors,metal_detectors
commercial desk,commercial_desk
congressional district,congressional_district
new delhi,new_delhi
gas pipeline,gas_pipeline
g.d. searle,gd_searle
civil liberties,civil_liberties
common denominator,common_denominator
commonwealth edison,commonwealth_edison
fructose prices,fructose_price
regains sovereignty,regains_sovereignty
combustion engineering,combustion_engineering
regain sovereignty,regain_sovereignty
means committee,ways_and_means_committee
fund raising,fundraising
cola co.,coca_cola
rep. simon,paul_simon
u.s. international trade commission,international_trade_commission
g. roth,alfred_g_roth
gen. braswell,gen_braswell
mr. nash,mr_nash
edb contaminated,edb_contaminated
central maine,central_maine_power
mr. lehrman,mr_lehrman
general dynamics,general_dynamics
central presbyterian,central_presbyterian_church
internal revenue service,internal_revenue_service
gulf of mexico,gulf_of_mexico
environmental protection agency,environmental_protection_agency
continental illinois national bank & trust co.,continental_illinois_bank
consumer products,consumer_products
michael jackson,michael_jackson
light power,light_and_power
risk groups,risk_groups
chemical bank,chemical_bank
robert dole,bob_dole
consumer electronics,consumer_electronics
raptopoulos senior,bette_raptopoulos
gen. dubicki,gen_dubicki
rca corp.'s,rca
metalworkers union,metalworkers_union
cbs news,cbs_news
lighting co.,lighting_company
reading bates,reading_and_bates
george bush,george_bush
labor department,labor_department
gen. westmoreland,william_westmoreland
christine noyer,christine_noyer
convention delegates,convention_delegates
electricite de france,electricite_de_france
european parliament,european_parliament
george parola,george_parola
mickey mouse,mickey_mouse
central asian,central_asian
stanley bell & co.,stanley_bell
ernest hollings,ernest_hollings
drexel burnham lambert inc.,drexel_burnham_lambert
charles percy,charles_percy
prudhoe bay,prudhoe_bay
du pont's,du_pont
buenos aires,buenos_aires
new mexico,new_mexico
johnson & johnson,johnson_and_johnson
south philadelphia,south_philadelphia
donald engen,donald_engen
don tierney,don_tierney
east asiatic,east_asiatic_company
general cinema,general_cinema
coca-cola co.,coca_cola
japan air lines,japan_air_lines
raul alfonsin,raul_alfonsin
abu dhabi,abu_dhabi
du pont co.,du_pont
jalil ibrahim,jalil_ibrahim
jacques delors,jacques_delors
jackson & curtis inc.,jackson_curtis_inc
mississippi p&l,mississippi_power_and_light
commonwealth edison co.,commonwealth_edison
paz estenssoro,victor_paz_estenssoro
bancorp hawaii,bancorp_hawaii
ted koppel,ted_koppel
people's daily,peoples_daily
international olympic committee,international_olympic_committee
international trade commission,international_trade_commission
union bank of switzerland,union_bank_of_switzerland
justice department's,justice_department
san antonio,san_antonio
marine midland,marine_midland_bank
los angeles times,los_angeles_times
national council for u.s.-china trade,national_council_for_us_china_trade
national transportation safety board,national_transportation_safety_board
hongkong bank,hsbc
bank bumiputra's,bank_bumiputra
bank of tokyo,bank_of_tokyo
continental illinois,continental_illinois_bank
federal deposit insurance corp.,federal_deposit_insurance_corporation
marine midland banks inc.,marine_midland_bank
robert ellis,robert_ellis
bechtel group inc.,bechtel_group
asian wall street journal,asian_wall_street_journal
philip testa,philip_testa
phnom penh,phnom_penh
limited inc.,the_limited
new york cotton exchange,new_york_cotton_exchange
san francisco's,san_francisco
tunku razaleigh,tunku_razaleigh_hamzah
deak perera international,deak_perera
david nelson,david_nelson
northern ireland,northern_ireland
mak foon,mak_foon
u.s. treasury,us_treasury
virginia trading,virginia_trading
mcdonnell douglas corp.,mcdonnell_douglas
ford motor co.,ford_motor_company
defense department,defense_department
long island lighting co.,long_island_lighting
andrei gromyko,andrei_gromyko
winter games,winter_olympics
morgan stanley & co.,morgan_stanley
factor viii,factor_viii
wharton econometric forecasting associates,wharton_econometrics
western european,western_european
soviet,soviet_union
west texas,west_texas
u.s. customs,us_customs_service
manufacturers hanover,hanover_trust
leonid brezhnev,leonid_brezhnev
roman catholic church,roman_catholic_church
west bank,west_bank
i.g. metall,ig_metall
miss close,miss_close
federal reserve,federal_reserve
lake placid,lake_placid
black & decker's,black_and_decker
ralph nader,ralph_nader
